title,slug,excerpt,content_html,date,status,featured_image_url,featured_image_alt
Building more resilient supply chains,building-resilient-supply-chains,"A practical look at visibility, supplier coordination and why small process improvements can make logistics more dependable.","<p>Resilient supply chains are rarely built around one dramatic change. In practice, they are strengthened through consistent visibility, clear ownership and dependable communication between suppliers, freight partners and customers.</p><p>For businesses moving goods across borders, useful improvements often include better shipment milestones, earlier exception reporting and a shared understanding of who owns each next step.</p><p>The goal is not to remove every disruption. It is to build a process that identifies issues early and responds quickly enough to keep the wider supply chain moving.</p><h2>Start with the hand-offs</h2><p>Many delays become expensive because the information around a hand-off is unclear. Supplier readiness, transport collection, documentation, border clearance and final delivery should each have an owner and a visible next action.</p>",2026-09-18 09:00:00,publish,https://images.unsplash.com/photo-1770710195407-b31627609c0b?auto=format&fit=crop&fm=jpg&q=82&w=1800,Shipping containers at an international port
Choosing the right freight mode,choosing-the-right-freight-mode,"Sea, air and road freight each solve a different problem. The right option comes down to urgency, cost, volume and destination.","<p>The fastest route is not always the best route, and the cheapest route is not always the most economical once stock availability and delivery deadlines are considered.</p><p>Air freight is valuable when timing is critical. Sea freight is generally better suited to larger volumes and planned movements. Road freight remains essential for regional distribution and cross-border movements across Southern Africa.</p><h2>Compare the commercial outcome</h2><p>A useful freight decision starts with the commercial requirement first, then works backwards into the transport mode, route and supporting customs process.</p>",2026-09-04 09:00:00,publish,https://images.unsplash.com/photo-1774929108070-b60d3879e071?auto=format&fit=crop&fm=jpg&q=82&w=1800,Container ship at a cargo port
Why shipment visibility matters,visibility-across-the-journey,"Tracking is most useful when it supports decisions, not when it simply adds another status update to an inbox.","<p>Shipment visibility gives teams the information they need to plan around the movement of goods. It becomes especially important when a delay affects production, stock availability or a customer commitment.</p><p>Useful visibility combines tracking information with clear communication. A status update should explain what happened, what it means and what the next action is.</p><p>That approach helps turn logistics data into something operational teams can actually use.</p>",2026-08-21 09:00:00,publish,https://images.unsplash.com/photo-1776441325715-9f99c06ca417?auto=format&fit=crop&fm=jpg&q=82&w=1800,Forklift working around shipping containers
Customs clearance with fewer surprises,customs-clearance-with-fewer-surprises,Good customs preparation starts before cargo reaches the border. Clean documentation and early checks reduce avoidable delays.,"<p>Customs delays are often caused by issues that could have been identified before the shipment moved. Missing information, inconsistent values and unclear commodity descriptions all create unnecessary friction.</p><p>A stronger process checks commercial documents early and makes sure the information used by suppliers, freight partners and clearing teams is aligned.</p><h2>Build a repeatable document set</h2><p>For regular importers, document standards and supplier instructions can reduce avoidable variation from one shipment to the next.</p>",2026-08-07 09:00:00,publish,https://images.unsplash.com/photo-1770710195407-b31627609c0b?auto=format&fit=crop&fm=jpg&q=82&w=1800,Container terminal representing import and customs processes
Warehousing is more than storage,warehousing-beyond-storage,"The right warehouse position can reduce handling, improve stock flow and make distribution easier to manage.","<p>Warehousing works best when it is treated as part of the supply chain rather than a place where stock simply waits.</p><p>Location, inventory visibility, handling processes and proximity to transport routes all influence how efficiently goods move in and out of a facility.</p><p>For importers and distributors, a well-positioned warehouse can create more flexibility between inbound freight and final delivery.</p>",2026-07-24 09:00:00,publish,https://images.unsplash.com/photo-1774946103680-3d34a461a581?auto=format&fit=crop&fm=jpg&q=82&w=1800,Warehouse storage and distribution facility
Planning cross-border road freight in Southern Africa,cross-border-road-freight-southern-africa,"Cross-border road movements depend on route planning, documentation and communication at every hand-off.","<p>Road freight is a practical way to reach neighbouring markets, but border processes mean the movement needs more coordination than a domestic delivery.</p><p>Transport availability, border requirements, documentation and receiving arrangements should be considered together rather than one step at a time.</p><h2>Visibility does not stop at the border</h2><p>Clear milestone updates help customers understand whether a delay is on the road, at a border or at the final delivery point.</p>",2026-07-10 09:00:00,publish,https://images.unsplash.com/photo-1778575455073-c790da77968d?auto=format&fit=crop&fm=jpg&q=82&w=1800,Freight truck travelling on a regional road
When air freight makes commercial sense,when-air-freight-makes-sense,"Air freight can cost more per kilogram, but the wider commercial picture may make speed the more economical choice.","<p>Air freight is usually associated with urgent cargo, but urgency is only one reason to use it. High-value goods, production-critical parts and stock-out situations can all justify faster transport.</p><p>The correct comparison is not only freight rate versus freight rate. Businesses should also consider downtime, delayed sales and the cost of holding additional stock.</p><p>Used selectively, air freight can be a useful tool inside a broader supply-chain strategy.</p>",2026-06-26 09:00:00,publish,https://images.unsplash.com/photo-1774698078446-59299e016718?auto=format&fit=crop&fm=jpg&q=82&w=1800,Cargo aircraft being handled at an airport
FCL or LCL: choosing how to ship by sea,fcl-vs-lcl-sea-freight,"Full-container and shared-container options each have trade-offs around cost, volume, handling and transit planning.","<p>FCL gives one shipper the use of a full container, while LCL combines smaller consignments from multiple shippers. Neither is automatically better.</p><p>Cargo volume, handling sensitivity, sailing frequency and destination charges all influence the decision.</p><p>A good comparison looks at total shipment cost and the operational requirement, not only the ocean-freight line item.</p>",2026-06-12 09:00:00,publish,https://images.unsplash.com/photo-1774929108070-b60d3879e071?auto=format&fit=crop&fm=jpg&q=82&w=1800,Container ship carrying sea freight
What changes when freight becomes project cargo,planning-project-cargo,"Large, unusual or high-value movements need a plan built around the cargo rather than a standard freight routine.","<p>Project cargo often involves dimensions, values or handling requirements that do not fit a normal transport template.</p><p>The movement may require specialist equipment, route checks, permits, staged delivery or coordination between several service providers.</p><h2>Plan around constraints first</h2><p>The earlier those constraints are understood, the more realistic the transport plan and project timeline become.</p>",2026-05-29 09:00:00,publish,https://images.unsplash.com/photo-1767868279881-5792a650cd8f?auto=format&fit=crop&fm=jpg&q=82&w=1800,Large cargo aircraft used for specialised freight
"Better documents, fewer avoidable delays",better-documents-fewer-delays,"Commercial invoices, packing lists and shipping instructions look routine until one inconsistency holds up the movement.","<p>Documentation is one of the least visible parts of logistics until something is wrong. A small mismatch can create questions at customs, with a carrier or at the receiving point.</p><p>Standardising how shipment information is prepared helps reduce those avoidable problems. Product descriptions, quantities, values and references should stay consistent across the document set.</p><p>That discipline becomes increasingly valuable as shipment volumes grow and more people become involved in the process.</p>",2026-05-15 09:00:00,publish,https://images.unsplash.com/photo-1576728475513-68e60fbb65ff?auto=format&fit=crop&fm=jpg&q=82&w=1800,Freight transport supporting international shipments
