client,slug,type,summary,detail_html,order,status
DStv African Distribution,dstv-african-distribution,Distribution,"Serialized product distribution into African markets, coordinated around controlled movement and clear hand-offs.","<p>This showcase case study expands on the existing DStv project reference. The movement involved serialized products being distributed into African markets, where documentation, shipment visibility and controlled hand-offs are particularly important.</p><p>The project demonstrates how distribution can be coordinated as a connected flow rather than a series of unrelated transport bookings.</p><p>Public performance figures are not currently available, so this case study intentionally avoids invented delivery metrics.</p>",1,publish
30-Country Campaign Logistics,thirty-country-campaign,Campaign logistics,International logistics support for an annual advertising campaign spanning 30 countries.,"<p>A multi-country campaign creates a different logistics challenge: shared launch dates, multiple destinations and materials that need to arrive in the correct sequence.</p><p>This project demonstrates the planning required to coordinate international movements around a common campaign timeline while keeping communication consistent across markets.</p><p>The 30-country scope is based on the existing Supreme Supply project reference; the supporting narrative is showcase copy and should be validated before launch.</p>",2,publish
De Beers Export & Re-import,de-beers-export-reimport,Special project,Export and re-import coordination for a specialised international logistics requirement.,"<p>This project involved an international export followed by a re-import, requiring both legs to be planned as one connected process.</p><p>The case study highlights documentation continuity, milestone planning and visibility when the same goods leave a market and later return.</p><p>Detailed commercial or cargo information is not publicly available and has not been invented for this mock case study.</p>",3,publish
Halifax to Johannesburg Plant Relocation,halifax-johannesburg-relocation,Industrial relocation,"Logistics for relocating a decommissioned chip manufacturing plant from Halifax, Canada to Johannesburg.","<p>The relocation of industrial equipment from Halifax to Johannesburg illustrates the planning involved in a complex international movement.</p><p>Equipment handling, international routing, staged movement and progress communication all need to align around the wider relocation programme.</p><p>This case study is based on the project listed on Supreme Supply’s existing website; descriptive wording is showcase content.</p>",4,publish
Local Manufacturer Supply Chain,local-manufacturer-supply-chain,Supply chain,Ongoing import and export support integrated into a local manufacturer’s wider operating rhythm.,"<p>This relationship demonstrates the difference between managing isolated shipments and supporting an ongoing supply chain.</p><p>Recurring imports and exports can be planned around purchasing cycles, production needs and outbound commitments, giving the manufacturer more predictable logistics visibility.</p><p>The manufacturer remains unnamed because the existing website does not identify the client.</p>",5,publish
Regional Retail Replenishment Programme,regional-retail-replenishment,Retail logistics,Mock case study for weekly inbound replenishment and distribution into a regional retail network.,"<p>This fictional showcase project demonstrates how recurring inbound freight, warehousing and local distribution could be coordinated for a retail customer.</p><p>The operating model uses weekly shipment planning, receiving windows, stock release schedules and delivery milestones to reduce last-minute coordination.</p><p><strong>Mock project:</strong> replace with a verified client example before launch.</p>",6,publish
Mining Equipment Cross-Border Move,mining-equipment-cross-border,Project cargo,Mock case study for moving specialised mining equipment from South Africa into a neighbouring market.,"<p>This fictional project demonstrates the planning required for industrial equipment that crosses a regional border.</p><p>Route planning, equipment dimensions, border documentation and site-delivery requirements are considered together so the movement can be sequenced around operational constraints.</p><p><strong>Mock project:</strong> for design demonstration only.</p>",7,publish
Automotive Parts Distribution,automotive-parts-distribution,Distribution,Mock case study for importing automotive parts and distributing stock to multiple South African locations.,"<p>This fictional case study combines inbound sea freight, receiving, warehousing and scheduled distribution to multiple branches.</p><p>The showcase illustrates how inventory movement can be planned from port arrival through to branch-level delivery while keeping one set of shipment milestones visible to the customer.</p><p><strong>Mock project:</strong> replace before public launch.</p>",8,publish
Production-Critical Air Freight,production-critical-air-freight,Air freight,Mock case study for an urgent component movement supporting a manufacturing production schedule.,"<p>This fictional example shows how an urgent air-freight movement could be coordinated when a production deadline cannot move.</p><p>The focus is on rapid routing options, document preparation, uplift visibility and immediate final-delivery coordination after clearance.</p><p><strong>Mock project:</strong> no performance claims in this example should be treated as client history.</p>",9,publish
Warehouse Consolidation Programme,warehouse-consolidation-programme,Warehousing,Mock case study for consolidating stock from multiple inbound suppliers before regional distribution.,"<p>This fictional programme demonstrates how warehousing can be used as an active consolidation point rather than passive storage.</p><p>Inbound supplier deliveries are received into one facility, prepared around outbound schedules and released into regional distribution in planned waves.</p><p><strong>Mock project:</strong> design demonstration only.</p>",10,publish
