title,slug,kicker,summary,detail_html,capabilities,order,status
Sea Freight,sea-freight,"Global movement, considered carefully.","End-to-end ocean freight support for planned imports and exports, from smaller consolidated consignments to full-container movements.","<p>Our sea-freight service is designed around the complete movement rather than a single booking. We coordinate routing, carrier options, documentation, customs requirements and shipment milestones so clients have a clearer view from origin through to delivery.</p><p>For regular importers and exporters, the process can be structured around repeat lanes and standard operating requirements. For once-off movements, we can help compare FCL and LCL options and plan the most practical route around volume, timing and destination requirements.</p><p>The objective is simple: reliable movement, useful communication and fewer surprises between collection and final delivery.</p>",FCL imports|FCL exports|LCL imports|LCL exports|NVOCC support|Degroupage|Container tracking|Customs coordination|Port-to-door delivery|Shipment milestone updates,1,publish
Air Freight,air-freight,When time matters.,"Time-sensitive air cargo solutions for urgent parts, high-value goods, replenishment stock and international shipments.","<p>Air freight is most valuable when the commercial cost of waiting is higher than the transport premium. We coordinate international air movements around the required delivery window, including carrier selection, collection, documentation and customs support.</p><p>Our approach is suited to urgent replenishment, production-critical parts, high-value products and smaller consignments where transit time matters.</p><p>Clients receive practical updates on departure, arrival, clearance and final delivery milestones so operational teams can plan around the shipment.</p>",Airport-to-airport|Door-to-door|Consolidated air freight|Priority uplift options|Customs clearance support|Shipment tracking|Costing support|Indent control|Dangerous goods coordination|Time-critical movements,2,publish
Road Freight,road-freight,Across South Africa. Across borders.,Local and cross-border road freight connecting South African operations with regional markets across Southern Africa.,"<p>Road freight remains a core part of regional supply chains. We coordinate local and cross-border movements through transport partners and border agents, with the documentation and milestone communication needed to keep each leg connected.</p><p>The service can support full truck loads, smaller consignments, scheduled distribution and cross-border delivery requirements.</p><p>Where a movement crosses a border, transport planning and customs preparation are managed together so the shipment is not treated as two unrelated processes.</p>",Local distribution|Cross-border haulage|Full truck loads|Part loads|Border coordination|Namibia|Botswana|Lesotho|Eswatini|Mozambique|Zimbabwe|Malawi|Zambia|Angola|DR Congo,3,publish
Warehousing,warehousing,Space where the network needs it.,Flexible warehousing and distribution support in key South African logistics hubs.,"<p>Warehousing is more useful when storage, handling and distribution are planned as one flow. Our warehousing support gives clients options around receiving, holding, preparing and releasing stock into the next stage of the supply chain.</p><p>Facilities in Johannesburg, Durban and Cape Town allow stock to be positioned around major air, road and sea gateways.</p><p>Solutions can be adapted around bonded requirements, distribution activity, short-term overflow or ongoing stock-holding needs.</p>",Bonded warehousing|Distribution warehousing|Receiving and dispatch|Short-term storage|Longer-term storage|Johannesburg|Durban|Cape Town|Inventory coordination|Distribution support,4,publish
Supply Chain Management,supply-chain-management,A clearer view from source to delivery.,"A coordinated approach to sourcing, movement, storage and distribution across the wider supply chain.","<p>Supply-chain management connects the decisions that happen before transport with what happens after the shipment arrives. We work with clients to understand their sourcing, replenishment, storage and distribution requirements as one connected process.</p><p>This may include supplier coordination, shipment planning, procurement support, inventory timing, logistics and final distribution.</p><p>The aim is to create a practical operating rhythm with clear responsibilities, useful data and fewer disconnected hand-offs.</p>",Planning|Supplier coordination|Procurement support|Flow analysis|Import planning|Export planning|Logistics coordination|Distribution|Process improvement|Reporting,5,publish
Customs & Compliance,customs-compliance,Documentation prepared before the border.,"Mock showcase service for customs documentation, tariff support and clearance coordination.","<p>This demo service shows how a customs-focused offering could be presented. The emphasis is on preparing commercial documents early, checking key shipment information and coordinating with clearing partners before cargo reaches the border.</p><p>Typical support can include document reviews, clearance preparation, tariff-code discussions and exception follow-up.</p><p><strong>Demo content:</strong> confirm the exact customs services offered by Supreme Supply before publishing this service.</p>",Commercial document review|Clearance preparation|Tariff-code support|Import documentation|Export documentation|Border coordination|Exception follow-up,6,publish
Project Cargo,project-cargo,Built around unusual movements.,"Mock showcase service for oversized, specialised or high-value project movements that need detailed planning.","<p>Project cargo does not always fit a standard freight template. This demo service illustrates how the site could present movements involving unusual dimensions, high values, specialist equipment or staged delivery requirements.</p><p>The planning process can bring route checks, handling requirements, permits, specialist transport and milestone reporting into a single movement plan.</p><p><strong>Demo content:</strong> validate this service with the client before launch.</p>",Route planning|Specialist handling|Heavy-lift coordination|Permit planning|Staged delivery|High-value cargo|Milestone reporting,7,publish
Distribution & Fulfilment,distribution-fulfilment,From stocked inventory to final delivery.,"Mock showcase service for managed local distribution, dispatch planning and recurring delivery requirements.","<p>This demo service shows how Supreme Supply could position a distribution offering for customers that need stock moved from warehouse to multiple delivery points.</p><p>A distribution programme can be built around delivery frequency, order cut-off times, route requirements and proof-of-delivery visibility.</p><p><strong>Demo content:</strong> replace or validate before public launch.</p>",Local distribution|Multi-drop delivery|Dispatch planning|Proof of delivery|Scheduled routes|Stock release coordination,8,publish
Import & Export Consulting,import-export-consulting,Plan the movement before the booking.,Mock showcase advisory service for companies setting up new import or export lanes and processes.,"<p>This demo service is designed to show a consultative offering for clients that are new to international trade or expanding into a new market.</p><p>Support could include route comparisons, process mapping, documentation requirements, expected milestones and landed-cost considerations.</p><p><strong>Demo content:</strong> confirm the exact consulting scope before publishing.</p>",Route comparison|Process mapping|Documentation guidance|Landed-cost planning|Supplier hand-off planning|Shipment workflow design,9,publish
Time-Critical Freight,time-critical-freight,A focused response when the deadline cannot move.,Mock showcase service for urgent freight requiring priority coordination and tighter communication.,"<p>This demo service shows a premium urgent-freight offering. It is intended for situations where a missed production window, stock-out or customer deadline makes transit time the primary requirement.</p><p>The service can be structured around rapid option comparison, priority coordination and more frequent milestone communication.</p><p><strong>Demo content:</strong> validate capabilities and operating hours before publishing.</p>",Urgent air freight|Priority collections|Rapid routing options|After-hours coordination|Production-critical parts|Frequent milestone updates,10,publish
